Symbol,Total_PnL,Avg_PnL,Trade_Count,Strategy
A,1635.4774833333795,33.37709149659958,49,LONG
AA,1387.3529500000805,22.743490983607877,61,LONG
AAL,-1459.8895999999804,-58.39558399999922,25,LONG
AAPL,1527.892549999975,27.779864545454092,55,LONG
ABBV,99.53896666666697,1.4219852380952425,70,LONG
ABNB,3736.759966666643,74.73519933333286,50,LONG
ABT,-1044.1860499999602,-22.69969673912957,46,LONG
ACAD,-3250.663083333282,-48.517359452735555,67,LONG
ACB,3655.595716666612,146.22382866666447,25,LONG
ACGL,228.38875000003463,4.758098958334055,48,LONG
ACN,-1615.3051666667088,-41.41808119658228,39,LONG
ADBE,2659.475366666644,83.10860520833262,32,LONG
ADI,1541.8064500000328,29.65012403846217,52,LONG
ADM,1002.6686833333515,19.660170261438264,51,LONG
ADP,525.7270833333241,22.857699275361917,23,LONG
ADSK,97.92819999999483,2.5109794871793545,39,LONG
AEE,91.32314999998925,3.149074137930664,29,LONG
AEP,2877.532750000042,46.41181854838778,62,LONG
AES,489.1280333333416,17.46885833333363,28,LONG
AFL,1099.566583333355,24.434812962963445,45,LONG
AGIO,-1973.0943333334217,-63.64820430107812,31,LONG
AIG,-1442.9916666667705,-57.71966666667082,25,LONG
AIZ,1204.386816666658,66.91037870370322,18,LONG
AJG,2319.974716666642,100.86846594202791,23,LONG
AKAM,3129.129533333311,111.75462619047539,28,LONG
ALB,6839.669666666661,129.0503710691823,53,LONG
ALGN,3791.9503999999724,97.22949743589673,39,LONG
ALL,1419.89055000004,26.790387735849812,53,LONG
ALLE,1790.132466666677,66.30120246913619,27,LONG
ALNY,7318.18601666663,119.97026256830542,61,LONG
AMAT,-893.8432666667286,-16.251695757576883,55,LONG
AMC,-281.9679000000251,-16.586347058825005,17,LONG
AMCR,1428.386200000008,79.35478888888935,18,LONG
AMD,3572.0247499999605,48.931845890410415,73,LONG
AME,-247.00631666669506,-10.291929861112294,24,LONG
AMGN,6050.008899999957,128.72359361702036,47,LONG
AMLP,-243.01855000001524,-11.04629772727342,22,LONG
AMP,-996.0396999999939,-41.50165416666641,24,LONG
AMT,-759.4460833333433,-26.187795977011838,29,LONG
AMZN,5076.357133333389,62.6710757201653,81,LONG
ANET,1394.6962166667145,19.10542762557143,73,LONG
AON,20.27124999996886,0.9214204545440391,22,LONG
AOS,-1521.6931999999724,-43.47694857142778,35,LONG
APA,6994.129033333309,155.4250896296291,45,LONG
APD,-165.36131666666188,-6.124493209876366,27,LONG
APH,-3063.3084500000405,-48.623943650794295,63,LONG
APO,570.2631833333362,12.96052689393946,44,LONG
APP,6491.9630333332825,96.89497064676542,67,LONG
APTV,534.2239166666768,17.2330295698928,31,LONG
ARE,1341.2209333333012,74.5122740740723,18,LONG
ARM,3131.0054333333755,92.08839509804045,34,LONG
ASML,633.6129000001165,8.800179166668284,72,LONG
ATO,272.5836166665613,6.989323504270802,39,LONG
AVB,-571.3415833333347,-51.94014393939406,11,LONG
AVGO,3786.2949666666536,44.02668565891458,86,LONG
AVY,791.6324333333032,43.979579629627956,18,LONG
AWK,1464.4653000000035,48.81551000000012,30,LONG
AXON,-114.5576166666433,-3.695406989246558,31,LONG
AXP,1675.3634166666234,31.02524845678932,54,LONG
AXSM,6816.77563333336,158.52966589147348,43,LONG
AZN,889.3966333333738,17.103781410257188,52,LONG
AZO,-1072.1508333333477,-97.46825757575888,11,LONG
BA,299.40795000001526,5.443780909091187,55,LONG
BABA,-1808.055250000005,-43.04893452380964,42,LONG
BAC,1509.9483166666396,35.115077131782314,43,LONG
BALL,1616.6139666666713,70.28756376811614,23,LONG
BAX,-373.21713333332445,-23.32607083333278,16,LONG
BBD,-470.1333500000037,-22.38730238095256,21,LONG
BBY,850.8194666666677,27.44578924731186,31,LONG
BDX,1321.9053666666514,35.72717207207166,37,LONG
BEN,1067.3388833333374,38.11924583333348,28,LONG
BG,2493.9494999999442,57.99882558139405,43,LONG
BHC,33.2603166667177,0.5734537356330638,58,LONG
BIDU,3603.1891833333357,72.06378366666671,50,LONG
BIIB,-92.01769999989483,-1.7040314814795339,54,LONG
BK,1330.7883333332647,18.22997716894883,73,LONG
BKNG,2611.632333333364,124.3634444444459,21,LONG
BKR,672.5214166666701,13.186694444444512,51,LONG
BLDR,-1060.524633333349,-40.789408974359574,26,LONG
BLK,2435.179333333377,86.97069047619205,28,LONG
BMO,940.9075666666613,28.512350505050343,33,LONG
BMY,-1874.0252999999866,-37.480505999999735,50,LONG
BNS,502.30013333338866,8.812283040936643,57,LONG
BOOT,3030.019616666599,68.86408219696817,44,LONG
BP,1181.169483333324,25.677597463767913,46,LONG
BR,1327.2737999999808,51.04899230769157,26,LONG
BRO,1067.395466666654,66.71221666666588,16,LONG
BSX,97.55379999998695,1.8406377358488104,53,LONG
BX,-1050.8467666667275,-23.35215037037172,45,LONG
BXP,3476.701600000015,108.64692500000046,32,LONG
BYD,302.3413333332719,7.752341880340305,39,LONG
BYND,-14042.538416666663,-702.1269208333331,20,LONG
BZH,-902.0716666666849,-128.86738095238357,7,LONG
BZUN,8148.640483333293,428.87581491227854,19,LONG
C,-180.87065000001166,-2.6598625000001714,68,LONG
CAG,1143.331166666605,71.45819791666281,16,LONG
CAH,3162.3407166666293,70.27423814814732,45,LONG
CAR,-2850.10170000005,-67.85956428571548,42,LONG
CARR,-1636.376083333329,-65.45504333333317,25,LONG
CAT,1905.5693833333426,19.44458554421778,98,LONG
CB,809.8104833334073,12.854134656085831,63,LONG
CBRE,1069.390783333285,33.41846197916516,32,LONG
CCEP,-1165.551549999931,-27.751227380950738,42,LONG
CCI,-91.93853333334846,-3.997327536232542,23,LONG
CCL,129.71301666667568,4.053531770833615,32,LONG
CDNS,4284.105216666663,107.10263041666659,40,LONG
CDW,88.6603833333138,2.8600123655907677,31,LONG
CEG,-5907.595333333338,-92.30617708333341,64,LONG
CF,-2465.3140000000058,-79.52625806451631,31,LONG
CFG,1081.4629166666928,37.291824712644576,29,LONG
CGC,2732.3662666666933,182.15775111111287,15,LONG
CGNX,-1823.2368833333749,-42.40085775193895,43,LONG
CHD,-2947.3676333333933,-184.21047708333708,16,LONG
CHRW,25035.51834999994,641.9363679487165,39,LONG
CHTR,-1506.8571666666685,-45.66233838383844,33,LONG
CI,494.7294666667076,26.038392982458294,19,LONG
CINF,2927.4064999999464,139.40030952380698,21,LONG
CLX,-379.81394999998156,-18.99069749999908,20,LONG
CMCSA,996.8497666667099,39.8739906666684,25,LONG
CME,818.4683166665855,18.601552651513305,44,LONG
CMG,-80.41335000002437,-4.467408333334687,18,LONG
CMI,13.525083333282964,0.3756967592578601,36,LONG
CMS,349.83658333333733,9.717682870370481,36,LONG
CNC,934.708483333321,20.771299629629357,45,LONG
CNP,818.3226166666864,31.473946794872553,26,LONG
CNQ,-1716.824533333347,-31.7930469135805,54,LONG
COF,1547.352566666661,44.21007333333317,35,LONG
COIN,1458.605683333306,40.51682453703628,36,LONG
COO,1725.9481666667052,57.531605555556844,30,LONG
COP,140.61706666670216,2.812341333334043,50,LONG
COR,4128.653666666716,67.68284699453633,61,LONG
COST,-2457.3831000000573,-59.936173170733106,41,LONG
CPAY,1201.6045666666905,66.75580925926059,18,LONG
CPB,1740.1236666666737,62.14727380952406,28,LONG
CPRT,464.63849999999366,22.125642857142555,21,LONG
CPT,112.99321666666947,5.649660833333473,20,LONG
CRL,5766.216050000039,180.19425156250122,32,LONG
CRM,1311.3956666667364,29.804446969698553,44,LONG
CRON,4288.583083333309,158.83641049382626,27,LONG
CRWD,502.56710000008025,8.518086440679326,59,LONG
CSCO,441.57423333344923,7.009114814816654,63,LONG
CSGP,348.4059999999663,10.557757575756554,33,LONG
CSIQ,2343.877333333243,37.20440211640068,63,LONG
CSX,3680.0110999999597,60.32805081967147,61,LONG
CTAS,-893.0001166666698,-55.81250729166686,16,LONG
CTRA,-515.6146000000299,-19.096837037038146,27,LONG
CTSH,2879.8566999999166,77.83396486486261,37,LONG
CTVA,-1889.6252333333105,-60.955652688171305,31,LONG
CVS,-2294.1034500000023,-43.28497075471702,53,LONG
CVX,-2057.9861499999897,-33.73747786885229,61,LONG
D,-709.146033333338,-20.26131523809537,35,LONG
DAL,237.05608333336568,8.779854938272804,27,LONG
DASH,-998.0180333333046,-14.056592018778938,71,LONG
DAY,483.4842000000426,15.596264516130407,31,LONG
DD,1271.2692666666917,74.78054509804069,17,LONG
DDOG,3829.9297166666,61.773059946235485,62,LONG
DE,-121.69431666672608,-4.680550641027926,26,LONG
DECK,-2146.665766666658,-55.04271196581174,39,LONG
DELL,3078.211350000034,71.58631046511708,43,LONG
DG,-532.1161833333681,-20.466007051283388,26,LONG
DGX,2527.781333333318,54.9517681159417,46,LONG
DHI,3432.3120333333354,62.40567333333337,55,LONG
DHR,-25.861716666688153,-0.517234333333763,50,LONG
DIA,256.1029166667213,5.9558817829470065,43,LONG
DIS,4967.774616666662,112.90396856060596,44,LONG
DLR,766.9135666666989,42.60630925926105,18,LONG
DLTR,2153.005833333358,41.40395833333381,52,LONG
DOC,-1804.8375666666761,-62.235778160919864,29,LONG
DOV,-159.06111666664947,-8.37163771929734,19,LONG
DOW,-425.8148500000243,-17.032594000000973,25,LONG
DPZ,-817.6954000000114,-32.707816000000456,25,LONG
DRI,-469.1079833333715,-21.323090151516887,22,LONG
DTE,610.2171500000113,21.041970689655564,29,LONG
DUK,755.382366666694,16.421355797102045,46,LONG
DUST,-2117.0579666666745,-66.15806145833358,32,LONG
DVA,1740.5827666666446,96.69904259259137,18,LONG
DVN,3398.923266666643,91.86279099099035,37,LONG
DXCM,2773.0450333333356,77.02902870370377,36,LONG
EA,1330.1734833334194,18.474631712964158,72,LONG
EBAY,3112.903816666716,44.47005452381023,70,LONG
ECL,-30.138833333279763,-0.9722204301057988,31,LONG
ED,-1454.9675666666226,-60.623648611109274,24,LONG
EDIT,4116.987133333358,91.4886029629635,45,LONG
EEM,-42.20463333326188,-1.2413127450959376,34,LONG
EFA,22.758266666663985,0.9482611111109994,24,LONG
EFX,390.90666666670586,14.478024691359476,27,LONG
EG,623.7729000000254,77.97161250000318,8,LONG
EIX,1530.0452833333038,49.35629946236464,31,LONG
EL,125.90046666667331,3.815165656565858,33,LONG
ELV,1069.8890166666679,25.473548015873046,42,LONG
EMB,225.9590833333932,3.182522300470327,71,LONG
EME,1174.5794499999029,65.25441388888349,18,LONG
EMR,1515.0779333333703,44.5611156862756,34,LONG
ENB,204.0141166667745,3.138678717950377,65,LONG
EOG,4271.162966666649,74.93268362573068,57,LONG
EPAM,5365.398066666698,243.8817303030317,22,LONG
EQIX,160.78411666664033,9.457889215684725,17,LONG
EQR,-252.94295000001148,-14.878997058824204,17,LONG
EQT,3392.1843333333163,72.17413475177268,47,LONG
ERIE,-3255.371833333287,-465.0531190476125,7,LONG
ESS,-1655.0936333333666,-118.22097380952619,14,LONG
ETN,-682.9542999999758,-16.65742195121892,41,LONG
ETR,-537.3610833333441,-17.912036111111473,30,LONG
EVRG,-608.3515333332834,-14.14771007751822,43,LONG
EW,5036.304583333309,100.72609166666618,50,LONG
EWG,132.7962166666548,6.989274561402884,19,LONG
EWZ,-951.6703666667527,-19.826465972224014,48,LONG
EXAS,6854.881750000051,126.94225462963058,54,LONG
EXC,-406.07105000003503,-10.686080263158816,38,LONG
EXE,3411.658666666641,94.76829629629557,36,LONG
EXPD,5148.987083333319,139.16181306306268,37,LONG
EXPE,-3751.5411000000095,-61.50067377049196,61,LONG
EXR,-265.2015000000247,-10.608060000000988,25,LONG
F,148.27733333332435,6.7398787878783795,22,LONG
FANG,2588.372699999971,55.071759574467464,47,LONG
FAST,-1276.918733333383,-45.60424047619225,28,LONG
FCEL,3806.231866666669,118.9447458333334,32,LONG
FCX,4754.626783333311,115.96650691056857,41,LONG
FDS,1904.7966999999771,190.47966999999772,10,LONG
FDX,-5798.147216666759,-92.03408280423427,63,LONG
FE,3083.495783333332,54.096417251461965,57,LONG
FFIV,1492.9579333333604,71.0932349206362,21,LONG
FICO,-6499.289499999941,-249.97267307692078,26,LONG
FIS,105.76129999992554,5.875627777773641,18,LONG
FITB,1762.915449999935,103.70090882352558,17,LONG
FTNT,-1404.98895000005,-39.02747083333472,36,LONG
FXI,788.7826000000496,34.294895652176066,23,LONG
GDX,4648.8783333332685,48.93556140350809,95,LONG
GE,1765.3686500000258,18.3892567708336,96,LONG
GEHC,-1839.8076166666287,-35.38091570512748,52,LONG
GFS,1910.704350000051,51.640658108109484,37,LONG
GILD,3139.6454833334064,58.141583024692714,54,LONG
GLD,579.9901333334637,5.225136336337512,111,LONG
GM,-468.5209666666997,-9.370419333333993,50,LONG
GME,2995.9345166666462,103.3080867816085,29,LONG
GOOG,170.84466666666412,2.1903162393162066,78,LONG
GOOGL,5058.0299166668265,53.24242017544028,95,LONG
GS,-1730.5203499999698,-21.103906707316703,82,LONG
HAL,626.2009166667194,15.655022916667985,40,LONG
HBAN,3183.270700000001,109.76795517241382,29,LONG
HD,734.5068666666921,13.858620125786643,53,LONG
HON,-711.4466166666316,-27.36333141025506,26,LONG
HPQ,-1535.8790833333042,-51.19596944444347,30,LONG
HRB,903.8331333333408,37.6597138888892,24,LONG
HSBC,65.24886666672683,1.1059129943513022,59,LONG
HST,-2121.5455000000075,-58.93181944444465,36,LONG
IAU,853.0380333333742,9.172451971326604,93,LONG
IBB,431.65021666668326,7.70803958333363,56,LONG
IBM,2454.4782000000196,32.72637600000026,75,LONG
IDXX,1080.2253999999812,24.00500888888847,45,LONG
INO,4608.163300000015,209.46196818181886,22,LONG
INTC,2105.4330999998783,47.850752272724506,44,LONG
INTU,4553.707566666744,133.93257549019836,34,LONG
ISRG,4269.154950000033,137.71467580645268,31,LONG
IWM,272.74871666661056,11.858639855070024,23,LONG
JBLU,-3740.5025499999174,-155.85427291666323,24,LONG
JD,-1444.3422333333,-51.583651190475,28,LONG
JNJ,5526.206183333394,68.224767695474,81,LONG
JPM,2516.636233333258,35.44558075117265,71,LONG
K,328.71161666671105,10.27223802083472,32,LONG
KDP,2976.735633333301,43.14109613526523,69,LONG
KEY,8210.357549999979,264.8502435483864,31,LONG
KHC,475.2943333333096,25.015491228068928,19,LONG
KLAC,-3648.6106166665704,-84.85140968992025,43,LONG
KO,1356.547549999901,30.83062613636139,44,LONG
KSS,-3395.5708166666227,-56.592846944443714,60,LONG
L,-1244.3916833334079,-22.62530333333469,55,LONG
LIN,1173.114033333295,41.896929761903394,28,LONG
LLY,1981.211650000012,24.76514562500015,80,LONG
LRCX,4332.928050000017,66.6604315384618,65,LONG
LULU,-806.7713999999614,-18.762125581394454,43,LONG
LUV,904.1009666666505,18.83543680555522,48,LONG
LVS,2886.6658333333253,53.45677469135788,54,LONG
M,1325.1532333333598,30.11711893939454,44,LONG
MA,-1330.6889333333165,-26.091939869280715,51,LONG
MAR,25.28186666667898,0.5745878787881586,44,LONG
MCD,1909.7291999999507,29.380449230768473,65,LONG
MCHP,1101.2080333333288,42.35415512820495,26,LONG
MDLZ,539.9523833333806,15.88095245098178,34,LONG
MELI,5958.310500000029,270.83229545454674,22,LONG
META,848.8496666667343,14.147494444445572,60,LONG
MGC,164.57883333333302,27.429805555555504,6,LONG
MMM,559.4920666667094,18.64973555555698,30,LONG
MNST,-4004.756783333367,-88.99459518518593,45,LONG
MO,-1760.701816666573,-27.087720256408815,65,LONG
MRK,1028.3644166665981,15.820991025639971,65,LONG
MRNA,-975.4440833332555,-22.169183712119445,44,LONG
MRVL,20926.5664999999,290.64675694444304,72,LONG
MS,362.49848333328555,6.249973850573888,58,LONG
MSFT,1230.5464333333366,19.84752311827962,62,LONG
MSTR,1030.1125166666898,26.413141452992047,39,LONG
MU,8704.13000000007,131.88075757575865,66,LONG
NCLH,-220.94258333332982,-7.618709770114822,29,LONG
NEE,-1116.3794166666048,-16.179411835747896,69,LONG
NFLX,-237.82850000003236,-7.206924242425223,33,LONG
NIO,-3280.835300000028,-102.52610312500087,32,LONG
NKE,-1303.6941999999472,-37.2484057142842,35,LONG
NOK,-979.1955999999846,-39.167823999999385,25,LONG
NOW,2506.4844499999454,92.83275740740538,27,LONG
NVDA,946.427400000066,15.02265714285819,63,LONG
NXPI,4965.4884666666985,165.51628222222328,30,LONG
ODFL,2443.3745333332627,58.17558412698244,42,LONG
ON,-1682.613016666648,-48.07465761904709,35,LONG
ORCL,-1862.3269333332137,-31.038782222220227,60,LONG
ORLY,593.8856166666665,9.735829781420762,61,LONG
OXY,-1187.6307833332976,-32.98974398148049,36,LONG
PANW,1452.4895166667193,22.007416919192718,66,LONG
PAYX,-1597.42424999996,-84.07496052631369,19,LONG
PCAR,181.1289333333043,4.766550877192219,38,LONG
PDD,4741.030466666714,80.35644858757144,59,LONG
PEP,2012.4561166666608,35.93671636904752,56,LONG
PFE,2632.195983333353,73.11655509259315,36,LONG
PG,176.30006666666304,8.01363939393923,22,LONG
PLTR,1863.7331166667427,26.624758809524895,70,LONG
PLUG,22617.42678333333,779.9112683908045,29,LONG
PM,543.304299999967,13.251324390243099,41,LONG
PTON,33.94481666665524,0.7071836805553176,48,LONG
PYPL,-289.69443333330855,-11.142093589742636,26,LONG
QCOM,1906.7246166667974,40.56860886525101,47,LONG
QQQ,240.89794999994047,4.226279824560359,57,LONG
REGN,4823.320866666705,73.08061919191978,66,LONG
RIG,2516.495049999976,89.87482321428486,28,LONG
ROKU,4869.602049999885,71.61179485293948,68,LONG
ROP,-156.147433333339,-7.097610606060863,22,LONG
ROST,5292.123050000024,84.00195317460356,63,LONG
RRC,6546.222849999933,172.2690223684193,38,LONG
RY,942.7260166666747,15.205258333333463,62,LONG
SBUX,1462.9714000000386,35.682229268293625,41,LONG
SHOP,-4229.215316666676,-91.9394634057973,46,LONG
SHW,479.47055000001274,12.294116666666993,39,LONG
SIRI,1102.6198833333037,33.41272373737284,33,LONG
SLV,416.25126666670985,5.076234959350121,82,LONG
SM,-1673.9845666666442,-52.31201770833263,32,LONG
SMG,-319.58969999995315,-17.75498333333073,18,LONG
SMH,1426.0020999999615,19.01336133333282,75,LONG
SNAP,-2787.8355833333335,-69.69588958333334,40,LONG
SNPS,8976.351516666662,179.52703033333324,50,LONG
SPCE,-492.34561666668014,-15.882116666667102,31,LONG
SPOT,1397.1656000000075,26.361615094339765,53,LONG
SPXL,2439.4298666666364,67.7619407407399,36,LONG
SPXS,-3963.517350000053,-127.85539838709848,31,LONG
SPY,883.0012333333289,14.96612259886998,59,LONG
SQQQ,-9990.481883333341,-312.2025588541669,32,LONG
STX,2828.8091666667387,28.865399659864682,98,LONG
SU,3234.2181333332774,66.00445170067913,49,LONG
T,-652.6650000000081,-20.395781250000255,32,LONG
TD,-274.80814999998256,-3.1587143678158913,87,LONG
TDOC,1608.7263999999996,59.582459259259245,27,LONG
TEAM,-254.1475166666787,-6.868851801802127,37,LONG
TEVA,380.5945833333535,6.343243055555892,60,LONG
TGT,162.11971666660247,4.912718686866741,33,LONG
TLRY,32219.261566666697,947.6253401960794,34,LONG
TLT,282.56310000007943,3.9244875000011032,72,LONG
TME,1634.1056166666385,32.04128660130664,51,LONG
TMO,8549.188766666644,115.52957792792763,74,LONG
TMUS,245.87903333330178,5.345196376810908,46,LONG
TQQQ,1145.6716499999893,49.81181086956475,23,LONG
TRI,-571.2088500000027,-21.969571153846257,26,LONG
TRV,980.0878833333409,20.00179353741512,49,LONG
TSLA,3171.068250000062,44.0426145833342,72,LONG
TTD,-5573.8138166667195,-139.34534541666798,40,LONG
TTWO,2895.5147999999826,45.24241874999973,64,LONG
TWLO,148.27805000001536,2.6013692982458836,57,LONG
TXN,4504.44430000001,83.41563518518537,54,LONG
UAL,100.56315000001632,2.4527597560979593,41,LONG
UBER,-5092.072666666638,-115.72892424242359,44,LONG
UNH,5802.4231,116.048462,50,LONG
UNP,3723.115316666692,77.56490243055607,48,LONG
UPS,-166.64330000003247,-3.967697619048392,42,LONG
URI,1043.1046666667098,35.9691264367831,29,LONG
USO,-2303.5932000000175,-35.43989538461565,65,LONG
V,-196.10105000003387,-4.560489534884509,43,LONG
VIPS,543.0380666666679,11.805175362318867,46,LONG
VRSK,-639.3967166666553,-37.61157156862678,17,LONG
VRTX,5970.466816666616,119.40933633333232,50,LONG
VTRS,1306.805666666558,22.926415204676456,57,LONG
VZ,672.6169000000154,19.217625714286157,35,LONG
W,5143.3011166666765,91.84466279761922,56,LONG
WBD,3694.8668500000203,52.040378169014375,71,LONG
WDAY,1472.115500000029,43.2975147058832,34,LONG
WDC,16100.570983333331,154.81318253205126,104,LONG
WFC,1179.470116666671,31.03868728070187,38,LONG
WMT,878.0812499999884,13.304261363636186,66,LONG
WY,3966.0297333333365,141.64391904761916,28,LONG
WYNN,-3129.117999999995,-53.03589830508466,59,LONG
XBI,737.4212166666111,11.173048737372897,66,LONG
XEL,-79.92210000003251,-2.1032131578955924,38,LONG
XLB,-108.39664999998786,-9.854240909089805,11,LONG
XLE,997.8185333333313,26.258382456140296,38,LONG
XLF,48.400499999988824,2.84708823529346,17,LONG
XLI,-81.23438333332888,-3.692471969696767,22,LONG
XLK,-25.752783333278785,-0.735793809522251,35,LONG
XLU,684.9028666667218,14.57240141844089,47,LONG
XLV,294.21726666669565,7.74255964912357,38,LONG
XOM,1285.0995833333582,19.471205808081184,66,LONG
XOP,1097.1501333334309,20.700945911951525,53,LONG
XRT,400.30718333338154,21.068799122809555,19,LONG
XRX,1230.869866666646,58.612850793649805,21,LONG
YETI,-1359.7801833332996,-27.75061598639387,49,LONG
ZM,-596.6276333333008,-22.097319753085213,27,LONG
